{
  "project_info": {
    "project_number": "670600072809",
    "firebase_url": "https://etumoov-472c4-default-rtdb.firebaseio.com",
    "project_id": "etumoov-472c4",
    "storage_bucket": "etumoov-472c4.appspot.com"
  },
  "client": [
    {
      "client_info": {
        "mobilesdk_app_id": "1:670600072809:android:ab13d29beda42c1f025cf8",
        "android_client_info": {
          "package_name": "com.example.etumoov"
        }
      },
      "oauth_client": [
        {
          "client_id": "670600072809-5d4jt99693btretar5slclrpft2eeisn.apps.googleusercontent.com",
          "client_type": 1,
          "android_info": {
            "package_name": "com.example.etumoov",
            "certificate_hash": "e829d3e7a574229d1d8af4906d4f8f37fef81694"
          }
        },
        {
          "client_id": "670600072809-v3v5qheu599lu7u7b7t19k656asoojpr.apps.googleusercontent.com",
          "client_type": 1,
          "android_info": {
            "package_name": "com.example.etumoov",
            "certificate_hash": "2fbc5e68e57a96781ed1b0241bd590568f6c4fbf"
          }
        },
        {
          "client_id": "670600072809-9gbucgms45pkif9g6ug75bsod50bm1c1.apps.googleusercontent.com",
          "client_type": 3
        }
      ],
      "api_key": [
        {
          "current_key": "AIzaSyAr4tvfIHVieyg6z2Px9zUtm9Md7a0yGP0"
        }
      ],
      "services": {
        "appinvite_service": {
          "other_platform_oauth_client": [
            {
              "client_id": "670600072809-9gbucgms45pkif9g6ug75bsod50bm1c1.apps.googleusercontent.com",
              "client_type": 3
            }
          ]
        }
      }
    }
  ],
  "configuration_version": "1"
}